username,audiofile,segment_index,start_time_sec,end_time_sec,embedding_x,embedding_y
dummyuser2,755167__barz99__street.mp4,0.0,0.0,1.0,-7.0438294,-10.368795
dummyuser2,755167__barz99__street.mp4,1.0,1.0,2.0,-6.6554832,-10.088338
dummyuser2,755167__barz99__street.mp4,2.0,2.0,3.0,-6.455344,-9.950206
dummyuser2,755167__barz99__street.mp4,3.0,3.0,4.0,-6.504355,-9.980928
dummyuser2,755167__barz99__street.mp4,4.0,4.0,5.0,-6.672181,-10.101558
dummyuser2,755167__barz99__street.mp4,5.0,5.0,6.0,-6.6277266,-10.079356
dummyuser2,755167__barz99__street.mp4,6.0,6.0,7.0,-6.587454,-10.035491
dummyuser2,755167__barz99__street.mp4,7.0,7.0,8.0,-6.9142632,-10.283195
dummyuser2,755167__barz99__street.mp4,8.0,8.0,9.0,-7.134215,-10.444961
dummyuser2,755167__barz99__street.mp4,9.0,9.0,10.0,-7.0970244,-10.412556
dummyuser2,755167__barz99__street.mp4,10.0,10.0,11.0,-7.2001715,-10.435864
dummyuser2,755167__barz99__street.mp4,11.0,11.0,12.0,-7.2464685,-10.372219
dummyuser2,755167__barz99__street.mp4,12.0,12.0,13.0,-7.201883,-10.469963
dummyuser2,755167__barz99__street.mp4,13.0,13.0,14.0,-7.084477,-10.3873205
dummyuser2,755167__barz99__street.mp4,14.0,14.0,15.0,-7.157148,-10.420099
dummyuser2,755167__barz99__street.mp4,15.0,15.0,16.0,-7.079854,-10.431913
dummyuser2,755167__barz99__street.mp4,16.0,16.0,17.0,-6.5576596,-10.019931
dummyuser2,755167__barz99__street.mp4,17.0,17.0,18.0,-7.1767144,-10.468719
dummyuser3,755302__urkki69__asphalt-truck.mp4,0.0,0.0,1.0,-4.2710304,-7.8462753
dummyuser3,755302__urkki69__asphalt-truck.mp4,1.0,1.0,2.0,-4.0948315,-7.168386
dummyuser3,755302__urkki69__asphalt-truck.mp4,2.0,2.0,3.0,-4.060107,-7.0897217
dummyuser3,755302__urkki69__asphalt-truck.mp4,3.0,3.0,4.0,-4.182402,-7.659407
dummyuser3,755302__urkki69__asphalt-truck.mp4,4.0,4.0,5.0,-4.051328,-7.218259
dummyuser3,755302__urkki69__asphalt-truck.mp4,5.0,5.0,6.0,-4.1147985,-7.2266684
dummyuser3,755302__urkki69__asphalt-truck.mp4,6.0,6.0,7.0,-4.0953703,-7.1609287
dummyuser3,755302__urkki69__asphalt-truck.mp4,7.0,7.0,8.0,-4.1459618,-7.2893896
dummyuser3,755302__urkki69__asphalt-truck.mp4,8.0,8.0,9.0,-4.1729665,-7.674713
dummyuser3,755302__urkki69__asphalt-truck.mp4,9.0,9.0,10.0,-4.122492,-7.5053706
dummyuser3,755302__urkki69__asphalt-truck.mp4,10.0,10.0,11.0,-4.1382785,-7.5689664
dummyuser3,755302__urkki69__asphalt-truck.mp4,11.0,11.0,12.0,-4.2162266,-7.729066
dummyuser3,755302__urkki69__asphalt-truck.mp4,12.0,12.0,13.0,-4.213972,-7.70797
dummyuser3,755302__urkki69__asphalt-truck.mp4,13.0,13.0,14.0,-4.175944,-7.761399
dummyuser3,755302__urkki69__asphalt-truck.mp4,14.0,14.0,15.0,-4.175015,-7.6838703
dummyuser3,755302__urkki69__asphalt-truck.mp4,15.0,15.0,16.0,-4.5850396,-8.673142
dummyuser3,755302__urkki69__asphalt-truck.mp4,16.0,16.0,17.0,-4.3651576,-8.315079
dummyuser3,755302__urkki69__asphalt-truck.mp4,17.0,17.0,18.0,-4.2806168,-8.191565
dummyuser3,755302__urkki69__asphalt-truck.mp4,18.0,18.0,19.0,-5.085876,-9.162737
dummyuser3,755302__urkki69__asphalt-truck.mp4,19.0,19.0,20.0,-4.405775,-8.527599
dummyuser3,755302__urkki69__asphalt-truck.mp4,20.0,20.0,21.0,-5.5041585,-9.546245
dummyuser3,755302__urkki69__asphalt-truck.mp4,21.0,21.0,22.0,-4.6195517,-8.615243
dummyuser3,755302__urkki69__asphalt-truck.mp4,22.0,22.0,23.0,-4.2312374,-6.057642
dummyuser3,755302__urkki69__asphalt-truck.mp4,23.0,23.0,24.0,-4.1096334,-7.038177
dummyuser3,755302__urkki69__asphalt-truck.mp4,24.0,24.0,25.0,-4.066709,-6.571977
dummyuser3,755302__urkki69__asphalt-truck.mp4,25.0,25.0,26.0,-4.0941854,-6.904432
dummyuser3,755302__urkki69__asphalt-truck.mp4,26.0,26.0,27.0,-4.0836697,-6.6751537
dummyuser3,755302__urkki69__asphalt-truck.mp4,27.0,27.0,28.0,-4.2522383,-5.9994173
dummyuser3,755302__urkki69__asphalt-truck.mp4,28.0,28.0,29.0,-4.2644835,-6.0278716
dummyuser3,755302__urkki69__asphalt-truck.mp4,29.0,29.0,30.0,-4.196409,-6.102289
dummyuser3,755302__urkki69__asphalt-truck.mp4,30.0,30.0,31.0,-4.073215,-7.0423665
dummyuser3,755302__urkki69__asphalt-truck.mp4,31.0,31.0,32.0,-4.407957,-8.235754
dummyuser3,755302__urkki69__asphalt-truck.mp4,32.0,32.0,33.0,-4.4266343,-8.304213
dummyuser3,755302__urkki69__asphalt-truck.mp4,33.0,33.0,34.0,-4.3831663,-8.329786
dummyuser3,755302__urkki69__asphalt-truck.mp4,34.0,34.0,35.0,-5.0747437,-9.136562
dummyuser3,755302__urkki69__asphalt-truck.mp4,35.0,35.0,36.0,-5.033943,-9.089457
dummyuser3,755302__urkki69__asphalt-truck.mp4,36.0,36.0,37.0,-5.422662,-9.481577
dummyuser3,755302__urkki69__asphalt-truck.mp4,37.0,37.0,38.0,-5.295388,-9.37242
dummyuser3,755302__urkki69__asphalt-truck.mp4,38.0,38.0,39.0,-5.421424,-9.509578
dummyuser3,755302__urkki69__asphalt-truck.mp4,39.0,39.0,40.0,-5.021037,-9.075056
dummyuser3,755302__urkki69__asphalt-truck.mp4,40.0,40.0,41.0,-5.5918756,-9.644929
dummyuser3,755302__urkki69__asphalt-truck.mp4,41.0,41.0,42.0,-5.498724,-9.546687
dummyuser3,755302__urkki69__asphalt-truck.mp4,42.0,42.0,43.0,-5.6336737,-9.602332
dummyuser3,755302__urkki69__asphalt-truck.mp4,43.0,43.0,44.0,-5.0335093,-9.092553
dummyuser3,755302__urkki69__asphalt-truck.mp4,44.0,44.0,45.0,-5.304855,-9.384251
dummyuser3,755302__urkki69__asphalt-truck.mp4,45.0,45.0,46.0,-5.165828,-9.240697
dummyuser3,755302__urkki69__asphalt-truck.mp4,46.0,46.0,47.0,-5.3629208,-9.490943
dummyuser3,755302__urkki69__asphalt-truck.mp4,47.0,47.0,48.0,-5.5044065,-9.57366
dummyuser3,755302__urkki69__asphalt-truck.mp4,48.0,48.0,49.0,-5.096685,-9.165306
dummyuser3,755302__urkki69__asphalt-truck.mp4,49.0,49.0,50.0,-5.2499037,-9.375418
dummyuser3,755302__urkki69__asphalt-truck.mp4,50.0,50.0,51.0,-5.2502046,-9.285898
dummyuser3,755302__urkki69__asphalt-truck.mp4,51.0,51.0,52.0,-5.466975,-9.553329
dummyuser3,755302__urkki69__asphalt-truck.mp4,52.0,52.0,53.0,-5.5928955,-9.665958
dummyuser3,755302__urkki69__asphalt-truck.mp4,53.0,53.0,54.0,-5.267259,-9.316619
dummyuser3,755302__urkki69__asphalt-truck.mp4,54.0,54.0,55.0,-4.1135836,-6.2546277
dummyuser3,755302__urkki69__asphalt-truck.mp4,55.0,55.0,56.0,-4.1102986,-6.322885
dummyuser3,755302__urkki69__asphalt-truck.mp4,56.0,56.0,57.0,-4.075956,-6.5395246
dummyuser3,755302__urkki69__asphalt-truck.mp4,57.0,57.0,58.0,-4.074207,-6.465721
dummyuser3,755302__urkki69__asphalt-truck.mp4,58.0,58.0,59.0,-4.0856247,-6.5648108
dummyuser3,755302__urkki69__asphalt-truck.mp4,59.0,59.0,60.0,-4.0629396,-6.466793
dummyuser3,755302__urkki69__asphalt-truck.mp4,60.0,60.0,61.0,-4.2491918,-6.000685
dummyuser3,755302__urkki69__asphalt-truck.mp4,61.0,61.0,62.0,-5.1090126,-9.17321
dummyuser3,755302__urkki69__asphalt-truck.mp4,62.0,62.0,63.0,-4.1697445,-7.5279655
dummyuser3,755302__urkki69__asphalt-truck.mp4,63.0,63.0,64.0,-4.4484878,-8.500333
dummyuser3,755302__urkki69__asphalt-truck.mp4,64.0,64.0,65.0,-4.5542855,-8.634793
dummyuser3,755302__urkki69__asphalt-truck.mp4,65.0,65.0,66.0,-4.2436976,-7.888033
dummyuser3,755302__urkki69__asphalt-truck.mp4,66.0,66.0,67.0,-4.613809,-8.679508
dummyuser3,755302__urkki69__asphalt-truck.mp4,67.0,67.0,68.0,-4.4396358,-8.481704
dummyuser3,755302__urkki69__asphalt-truck.mp4,68.0,68.0,69.0,-4.549384,-8.586155
dummyuser3,755302__urkki69__asphalt-truck.mp4,69.0,69.0,70.0,-4.6335573,-8.65948
dummyuser3,751991__klankbeeld__people-square-may-nl-754-pm-220530_0389.mp4,0.0,0.0,1.0,5.3148713,17.793709
dummyuser3,751991__klankbeeld__people-square-may-nl-754-pm-220530_0389.mp4,1.0,1.0,2.0,3.0973144,16.734095
dummyuser3,751991__klankbeeld__people-square-may-nl-754-pm-220530_0389.mp4,2.0,2.0,3.0,4.8245864,16.118536
dummyuser3,751991__klankbeeld__people-square-may-nl-754-pm-220530_0389.mp4,3.0,3.0,4.0,5.5656495,16.683746
dummyuser3,751991__klankbeeld__people-square-may-nl-754-pm-220530_0389.mp4,4.0,4.0,5.0,4.7410355,15.753912
dummyuser3,751991__klankbeeld__people-square-may-nl-754-pm-220530_0389.mp4,5.0,5.0,6.0,5.249507,16.431187
dummyuser3,751991__klankbeeld__people-square-may-nl-754-pm-220530_0389.mp4,6.0,6.0,7.0,4.812627,16.507986
dummyuser3,751991__klankbeeld__people-square-may-nl-754-pm-220530_0389.mp4,7.0,7.0,8.0,5.2249956,17.510456
dummyuser3,751991__klankbeeld__people-square-may-nl-754-pm-220530_0389.mp4,8.0,8.0,9.0,4.4897084,16.876516
dummyuser3,751991__klankbeeld__people-square-may-nl-754-pm-220530_0389.mp4,9.0,9.0,10.0,5.070675,16.558784
dummyuser3,751991__klankbeeld__people-square-may-nl-754-pm-220530_0389.mp4,10.0,10.0,11.0,3.938653,16.08776
dummyuser3,751991__klankbeeld__people-square-may-nl-754-pm-220530_0389.mp4,11.0,11.0,12.0,4.352324,16.213997
dummyuser3,751991__klankbeeld__people-square-may-nl-754-pm-220530_0389.mp4,12.0,12.0,13.0,4.1295104,15.880409
dummyuser3,751991__klankbeeld__people-square-may-nl-754-pm-220530_0389.mp4,13.0,13.0,14.0,4.0982714,15.930988
dummyuser3,751991__klankbeeld__people-square-may-nl-754-pm-220530_0389.mp4,14.0,14.0,15.0,5.6763906,17.120312
dummyuser3,751991__klankbeeld__people-square-may-nl-754-pm-220530_0389.mp4,15.0,15.0,16.0,4.524101,16.873476
dummyuser3,751991__klankbeeld__people-square-may-nl-754-pm-220530_0389.mp4,16.0,16.0,17.0,5.648203,17.052536
dummyuser3,751991__klankbeeld__people-square-may-nl-754-pm-220530_0389.mp4,17.0,17.0,18.0,4.5555353,15.867064
dummyuser3,751991__klankbeeld__people-square-may-nl-754-pm-220530_0389.mp4,18.0,18.0,19.0,4.545546,16.20737
dummyuser3,751991__klankbeeld__people-square-may-nl-754-pm-220530_0389.mp4,19.0,19.0,20.0,5.1146445,16.649023
dummyuser3,751991__klankbeeld__people-square-may-nl-754-pm-220530_0389.mp4,20.0,20.0,21.0,5.4255342,16.559046
dummyuser3,751991__klankbeeld__people-square-may-nl-754-pm-220530_0389.mp4,21.0,21.0,22.0,4.3102884,17.209257
dummyuser3,751991__klankbeeld__people-square-may-nl-754-pm-220530_0389.mp4,22.0,22.0,23.0,4.3806577,17.510565
dummyuser3,751991__klankbeeld__people-square-may-nl-754-pm-220530_0389.mp4,23.0,23.0,24.0,4.522882,17.25842
dummyuser3,751991__klankbeeld__people-square-may-nl-754-pm-220530_0389.mp4,24.0,24.0,25.0,4.939261,17.27594
dummyuser3,751991__klankbeeld__people-square-may-nl-754-pm-220530_0389.mp4,25.0,25.0,26.0,5.0687156,15.869863
dummyuser3,751991__klankbeeld__people-square-may-nl-754-pm-220530_0389.mp4,26.0,26.0,27.0,4.753746,15.758796
dummyuser3,751991__klankbeeld__people-square-may-nl-754-pm-220530_0389.mp4,27.0,27.0,28.0,5.1847982,18.008602
dummyuser3,751991__klankbeeld__people-square-may-nl-754-pm-220530_0389.mp4,28.0,28.0,29.0,4.728325,17.86623
dummyuser3,751991__klankbeeld__people-square-may-nl-754-pm-220530_0389.mp4,29.0,29.0,30.0,4.887453,18.51496
dummyuser3,751991__klankbeeld__people-square-may-nl-754-pm-220530_0389.mp4,30.0,30.0,31.0,4.8262024,18.539911
dummyuser3,751991__klankbeeld__people-square-may-nl-754-pm-220530_0389.mp4,31.0,31.0,32.0,4.801724,18.49863
dummyuser3,751991__klankbeeld__people-square-may-nl-754-pm-220530_0389.mp4,32.0,32.0,33.0,4.7923756,18.511084
dummyuser3,751991__klankbeeld__people-square-may-nl-754-pm-220530_0389.mp4,33.0,33.0,34.0,4.8750114,18.478874
dummyuser3,751991__klankbeeld__people-square-may-nl-754-pm-220530_0389.mp4,34.0,34.0,35.0,4.7963486,18.510674
dummyuser3,751991__klankbeeld__people-square-may-nl-754-pm-220530_0389.mp4,35.0,35.0,36.0,2.7904553,17.054094
dummyuser3,751991__klankbeeld__people-square-may-nl-754-pm-220530_0389.mp4,36.0,36.0,37.0,2.5403464,17.001396
dummyuser3,751991__klankbeeld__people-square-may-nl-754-pm-220530_0389.mp4,37.0,37.0,38.0,2.5129366,17.000698
dummyuser3,751991__klankbeeld__people-square-may-nl-754-pm-220530_0389.mp4,38.0,38.0,39.0,2.5451808,16.956482
dummyuser3,751991__klankbeeld__people-square-may-nl-754-pm-220530_0389.mp4,39.0,39.0,40.0,2.4738517,16.971666
dummyuser3,751991__klankbeeld__people-square-may-nl-754-pm-220530_0389.mp4,40.0,40.0,41.0,2.5616448,16.990013
dummyuser3,751991__klankbeeld__people-square-may-nl-754-pm-220530_0389.mp4,41.0,41.0,42.0,2.7342288,16.927189
dummyuser3,751991__klankbeeld__people-square-may-nl-754-pm-220530_0389.mp4,42.0,42.0,43.0,3.5185654,17.051624
dummyuser3,751991__klankbeeld__people-square-may-nl-754-pm-220530_0389.mp4,43.0,43.0,44.0,3.5094757,17.091011
dummyuser3,751991__klankbeeld__people-square-may-nl-754-pm-220530_0389.mp4,44.0,44.0,45.0,3.3237793,16.83009
dummyuser3,751991__klankbeeld__people-square-may-nl-754-pm-220530_0389.mp4,45.0,45.0,46.0,2.4799361,16.91319
dummyuser3,751991__klankbeeld__people-square-may-nl-754-pm-220530_0389.mp4,46.0,46.0,47.0,3.3389049,16.562128
dummyuser3,751991__klankbeeld__people-square-may-nl-754-pm-220530_0389.mp4,47.0,47.0,48.0,4.4185433,17.139994
dummyuser3,751991__klankbeeld__people-square-may-nl-754-pm-220530_0389.mp4,48.0,48.0,49.0,3.8197794,16.210732
dummyuser3,751991__klankbeeld__people-square-may-nl-754-pm-220530_0389.mp4,49.0,49.0,50.0,3.4773862,16.403656
dummyuser3,751991__klankbeeld__people-square-may-nl-754-pm-220530_0389.mp4,50.0,50.0,51.0,3.5771003,16.156775
dummyuser3,751991__klankbeeld__people-square-may-nl-754-pm-220530_0389.mp4,51.0,51.0,52.0,3.3442109,16.926105
dummyuser3,751991__klankbeeld__people-square-may-nl-754-pm-220530_0389.mp4,52.0,52.0,53.0,3.7833953,15.883036
dummyuser3,751991__klankbeeld__people-square-may-nl-754-pm-220530_0389.mp4,53.0,53.0,54.0,3.7797418,15.798573
dummyuser3,751991__klankbeeld__people-square-may-nl-754-pm-220530_0389.mp4,54.0,54.0,55.0,5.2782717,17.787172
dummyuser3,751991__klankbeeld__people-square-may-nl-754-pm-220530_0389.mp4,55.0,55.0,56.0,2.7664506,16.936655
dummyuser3,751991__klankbeeld__people-square-may-nl-754-pm-220530_0389.mp4,56.0,56.0,57.0,2.3937988,16.86962
dummyuser3,751991__klankbeeld__people-square-may-nl-754-pm-220530_0389.mp4,57.0,57.0,58.0,4.838223,16.324898
dummyuser3,751991__klankbeeld__people-square-may-nl-754-pm-220530_0389.mp4,58.0,58.0,59.0,3.422185,16.989054
dummyuser3,751991__klankbeeld__people-square-may-nl-754-pm-220530_0389.mp4,59.0,59.0,60.0,5.1034975,16.064392
dummyuser3,751991__klankbeeld__people-square-may-nl-754-pm-220530_0389.mp4,60.0,60.0,61.0,4.2512116,16.969011
dummyuser3,751991__klankbeeld__people-square-may-nl-754-pm-220530_0389.mp4,61.0,61.0,62.0,4.092011,17.035192
dummyuser3,751991__klankbeeld__people-square-may-nl-754-pm-220530_0389.mp4,62.0,62.0,63.0,5.6465387,17.051819
dummyuser3,751991__klankbeeld__people-square-may-nl-754-pm-220530_0389.mp4,63.0,63.0,64.0,5.5492024,16.944101
dummyuser3,751991__klankbeeld__people-square-may-nl-754-pm-220530_0389.mp4,64.0,64.0,65.0,4.582624,16.780973
dummyuser3,751991__klankbeeld__people-square-may-nl-754-pm-220530_0389.mp4,65.0,65.0,66.0,4.51811,16.246187
dummyuser3,751991__klankbeeld__people-square-may-nl-754-pm-220530_0389.mp4,66.0,66.0,67.0,5.6230335,16.734219
dummyuser3,751991__klankbeeld__people-square-may-nl-754-pm-220530_0389.mp4,67.0,67.0,68.0,3.6566746,16.540749
dummyuser3,751991__klankbeeld__people-square-may-nl-754-pm-220530_0389.mp4,68.0,68.0,69.0,3.730509,16.451767
dummyuser3,751991__klankbeeld__people-square-may-nl-754-pm-220530_0389.mp4,69.0,69.0,70.0,4.7422023,16.458744
dummyuser3,751991__klankbeeld__people-square-may-nl-754-pm-220530_0389.mp4,70.0,70.0,71.0,4.176015,16.854214
dummyuser3,751991__klankbeeld__people-square-may-nl-754-pm-220530_0389.mp4,71.0,71.0,72.0,3.5567088,16.545658
dummyuser3,751991__klankbeeld__people-square-may-nl-754-pm-220530_0389.mp4,72.0,72.0,73.0,4.9581075,17.267962
dummyuser3,751991__klankbeeld__people-square-may-nl-754-pm-220530_0389.mp4,73.0,73.0,74.0,5.33738,17.665361
dummyuser3,751991__klankbeeld__people-square-may-nl-754-pm-220530_0389.mp4,74.0,74.0,75.0,4.8877506,16.894037
dummyuser3,751991__klankbeeld__people-square-may-nl-754-pm-220530_0389.mp4,75.0,75.0,76.0,4.474581,17.349272
dummyuser3,751991__klankbeeld__people-square-may-nl-754-pm-220530_0389.mp4,76.0,76.0,77.0,4.351789,17.581505
dummyuser3,751991__klankbeeld__people-square-may-nl-754-pm-220530_0389.mp4,77.0,77.0,78.0,3.6697946,16.134886
dummyuser3,751991__klankbeeld__people-square-may-nl-754-pm-220530_0389.mp4,78.0,78.0,79.0,4.067149,15.831333
dummyuser3,751991__klankbeeld__people-square-may-nl-754-pm-220530_0389.mp4,79.0,79.0,80.0,3.5226364,16.702778
dummyuser3,751991__klankbeeld__people-square-may-nl-754-pm-220530_0389.mp4,80.0,80.0,81.0,4.776778,17.185785
dummyuser3,751991__klankbeeld__people-square-may-nl-754-pm-220530_0389.mp4,81.0,81.0,82.0,3.3979201,16.364893
dummyuser3,751991__klankbeeld__people-square-may-nl-754-pm-220530_0389.mp4,82.0,82.0,83.0,3.6106489,16.351948
dummyuser3,751991__klankbeeld__people-square-may-nl-754-pm-220530_0389.mp4,83.0,83.0,84.0,3.6847196,16.76425
dummyuser3,751991__klankbeeld__people-square-may-nl-754-pm-220530_0389.mp4,84.0,84.0,85.0,4.8036094,18.532051
dummyuser3,751991__klankbeeld__people-square-may-nl-754-pm-220530_0389.mp4,85.0,85.0,86.0,3.44393,17.045559
dummyuser3,751991__klankbeeld__people-square-may-nl-754-pm-220530_0389.mp4,86.0,86.0,87.0,2.9100115,16.80537
dummyuser3,751991__klankbeeld__people-square-may-nl-754-pm-220530_0389.mp4,87.0,87.0,88.0,3.6273808,17.149582
dummyuser3,751991__klankbeeld__people-square-may-nl-754-pm-220530_0389.mp4,88.0,88.0,89.0,4.5947323,17.335938
dummyuser3,751991__klankbeeld__people-square-may-nl-754-pm-220530_0389.mp4,89.0,89.0,90.0,4.77084,16.381193
dummyuser3,751991__klankbeeld__people-square-may-nl-754-pm-220530_0389.mp4,90.0,90.0,91.0,3.960827,17.345512
dummyuser3,751991__klankbeeld__people-square-may-nl-754-pm-220530_0389.mp4,91.0,91.0,92.0,4.0107946,15.924435
dummyuser3,751991__klankbeeld__people-square-may-nl-754-pm-220530_0389.mp4,92.0,92.0,93.0,3.7780733,16.914804
dummyuser3,751991__klankbeeld__people-square-may-nl-754-pm-220530_0389.mp4,93.0,93.0,94.0,5.3845787,17.684515
dummyuser3,751991__klankbeeld__people-square-may-nl-754-pm-220530_0389.mp4,94.0,94.0,95.0,4.7650065,17.091969
dummyuser3,751991__klankbeeld__people-square-may-nl-754-pm-220530_0389.mp4,95.0,95.0,96.0,5.5492306,17.066746
dummyuser3,751991__klankbeeld__people-square-may-nl-754-pm-220530_0389.mp4,96.0,96.0,97.0,4.37849,16.059196
dummyuser3,751991__klankbeeld__people-square-may-nl-754-pm-220530_0389.mp4,97.0,97.0,98.0,4.4815483,16.215408
dummyuser3,751991__klankbeeld__people-square-may-nl-754-pm-220530_0389.mp4,98.0,98.0,99.0,5.410561,17.416672
dummyuser3,751991__klankbeeld__people-square-may-nl-754-pm-220530_0389.mp4,99.0,99.0,100.0,5.74117,17.16555
dummyuser3,751991__klankbeeld__people-square-may-nl-754-pm-220530_0389.mp4,100.0,100.0,101.0,5.266329,17.996592
dummyuser3,751991__klankbeeld__people-square-may-nl-754-pm-220530_0389.mp4,101.0,101.0,102.0,4.4984727,15.864947
dummyuser3,751991__klankbeeld__people-square-may-nl-754-pm-220530_0389.mp4,102.0,102.0,103.0,4.7712984,16.047949
dummyuser3,751991__klankbeeld__people-square-may-nl-754-pm-220530_0389.mp4,103.0,103.0,104.0,5.0079675,15.887834
dummyuser3,751991__klankbeeld__people-square-may-nl-754-pm-220530_0389.mp4,104.0,104.0,105.0,4.9563026,15.836881
dummyuser3,751991__klankbeeld__people-square-may-nl-754-pm-220530_0389.mp4,105.0,105.0,106.0,4.3253593,17.084621
dummyuser3,751991__klankbeeld__people-square-may-nl-754-pm-220530_0389.mp4,106.0,106.0,107.0,4.88478,17.330795
dummyuser3,751991__klankbeeld__people-square-may-nl-754-pm-220530_0389.mp4,107.0,107.0,108.0,4.6657505,15.913089
dummyuser3,751991__klankbeeld__people-square-may-nl-754-pm-220530_0389.mp4,108.0,108.0,109.0,5.7988205,17.949234
dummyuser3,751991__klankbeeld__people-square-may-nl-754-pm-220530_0389.mp4,109.0,109.0,110.0,5.7956996,18.028027
dummyuser3,751991__klankbeeld__people-square-may-nl-754-pm-220530_0389.mp4,110.0,110.0,111.0,5.8809896,17.925674
dummyuser3,751991__klankbeeld__people-square-may-nl-754-pm-220530_0389.mp4,111.0,111.0,112.0,5.9046226,17.825747
dummyuser3,751991__klankbeeld__people-square-may-nl-754-pm-220530_0389.mp4,112.0,112.0,113.0,5.3865376,17.49967
dummyuser3,751991__klankbeeld__people-square-may-nl-754-pm-220530_0389.mp4,113.0,113.0,114.0,5.2091856,16.090466
dummyuser3,751991__klankbeeld__people-square-may-nl-754-pm-220530_0389.mp4,114.0,114.0,115.0,4.8732843,16.793282
dummyuser3,751991__klankbeeld__people-square-may-nl-754-pm-220530_0389.mp4,115.0,115.0,116.0,5.7442026,17.948849
dummyuser3,751991__klankbeeld__people-square-may-nl-754-pm-220530_0389.mp4,116.0,116.0,117.0,5.702709,17.969309
dummyuser3,751991__klankbeeld__people-square-may-nl-754-pm-220530_0389.mp4,117.0,117.0,118.0,4.4335556,15.967705
dummyuser3,751991__klankbeeld__people-square-may-nl-754-pm-220530_0389.mp4,118.0,118.0,119.0,5.1113863,16.56052
dummyuser3,751991__klankbeeld__people-square-may-nl-754-pm-220530_0389.mp4,119.0,119.0,120.0,4.3814836,17.395216
dummyuser3,751991__klankbeeld__people-square-may-nl-754-pm-220530_0389.mp4,120.0,120.0,121.0,4.803554,18.521408
dummyuser3,751991__klankbeeld__people-square-may-nl-754-pm-220530_0389.mp4,121.0,121.0,122.0,5.874546,17.996166
dummyuser3,751991__klankbeeld__people-square-may-nl-754-pm-220530_0389.mp4,122.0,122.0,123.0,5.8727646,17.865469
dummyuser3,751991__klankbeeld__people-square-may-nl-754-pm-220530_0389.mp4,123.0,123.0,124.0,5.5860014,17.443317
dummyuser3,751991__klankbeeld__people-square-may-nl-754-pm-220530_0389.mp4,124.0,124.0,125.0,5.000823,16.322172
dummyuser3,751991__klankbeeld__people-square-may-nl-754-pm-220530_0389.mp4,125.0,125.0,126.0,5.221243,16.01011
dummyuser3,751991__klankbeeld__people-square-may-nl-754-pm-220530_0389.mp4,126.0,126.0,127.0,5.3104615,15.950385
dummyuser3,751991__klankbeeld__people-square-may-nl-754-pm-220530_0389.mp4,127.0,127.0,128.0,5.062686,17.237144
dummyuser3,751991__klankbeeld__people-square-may-nl-754-pm-220530_0389.mp4,128.0,128.0,129.0,5.7054415,16.93621
dummyuser3,751991__klankbeeld__people-square-may-nl-754-pm-220530_0389.mp4,129.0,129.0,130.0,5.32615,16.245138
dummyuser3,751991__klankbeeld__people-square-may-nl-754-pm-220530_0389.mp4,130.0,130.0,131.0,4.2874484,15.833617
dummyuser3,751991__klankbeeld__people-square-may-nl-754-pm-220530_0389.mp4,131.0,131.0,132.0,5.32673,16.0911
dummyuser3,751991__klankbeeld__people-square-may-nl-754-pm-220530_0389.mp4,132.0,132.0,133.0,5.5089097,16.399633
dummyuser3,751991__klankbeeld__people-square-may-nl-754-pm-220530_0389.mp4,133.0,133.0,134.0,5.6810093,17.587732
dummyuser3,751991__klankbeeld__people-square-may-nl-754-pm-220530_0389.mp4,134.0,134.0,135.0,3.6870947,16.053907
dummyuser3,751991__klankbeeld__people-square-may-nl-754-pm-220530_0389.mp4,135.0,135.0,136.0,5.1227636,16.863625
dummyuser3,751991__klankbeeld__people-square-may-nl-754-pm-220530_0389.mp4,136.0,136.0,137.0,5.429099,17.658955
dummyuser3,751991__klankbeeld__people-square-may-nl-754-pm-220530_0389.mp4,137.0,137.0,138.0,5.49869,17.165838
dummyuser3,751991__klankbeeld__people-square-may-nl-754-pm-220530_0389.mp4,138.0,138.0,139.0,4.475168,16.815388
dummyuser3,751991__klankbeeld__people-square-may-nl-754-pm-220530_0389.mp4,139.0,139.0,140.0,4.361854,16.602861
dummyuser3,751991__klankbeeld__people-square-may-nl-754-pm-220530_0389.mp4,140.0,140.0,141.0,4.397587,16.514187
dummyuser3,751991__klankbeeld__people-square-may-nl-754-pm-220530_0389.mp4,141.0,141.0,142.0,5.3367515,17.761827
dummyuser1,752016__kevp888__240730_213153_fr_tourists_eating_outdoor.mp4,0.0,0.0,1.0,-0.41140518,2.079417
dummyuser1,752016__kevp888__240730_213153_fr_tourists_eating_outdoor.mp4,1.0,1.0,2.0,0.36463,0.90414333
dummyuser1,752016__kevp888__240730_213153_fr_tourists_eating_outdoor.mp4,2.0,2.0,3.0,0.34305525,1.3789675
dummyuser1,752016__kevp888__240730_213153_fr_tourists_eating_outdoor.mp4,3.0,3.0,4.0,-0.38574952,2.370038
dummyuser1,752016__kevp888__240730_213153_fr_tourists_eating_outdoor.mp4,4.0,4.0,5.0,-0.24414034,2.5208774
dummyuser1,752016__kevp888__240730_213153_fr_tourists_eating_outdoor.mp4,5.0,5.0,6.0,1.134481,0.7391003
dummyuser1,752016__kevp888__240730_213153_fr_tourists_eating_outdoor.mp4,6.0,6.0,7.0,0.9402674,0.8092191
dummyuser1,752016__kevp888__240730_213153_fr_tourists_eating_outdoor.mp4,7.0,7.0,8.0,0.100357175,1.0955813
dummyuser1,752016__kevp888__240730_213153_fr_tourists_eating_outdoor.mp4,8.0,8.0,9.0,1.0831333,2.0036564
dummyuser1,752016__kevp888__240730_213153_fr_tourists_eating_outdoor.mp4,9.0,9.0,10.0,0.35008317,1.0703394
dummyuser1,752016__kevp888__240730_213153_fr_tourists_eating_outdoor.mp4,10.0,10.0,11.0,0.5944452,0.8786603
dummyuser1,752016__kevp888__240730_213153_fr_tourists_eating_outdoor.mp4,11.0,11.0,12.0,1.283157,0.6294166
dummyuser1,752016__kevp888__240730_213153_fr_tourists_eating_outdoor.mp4,12.0,12.0,13.0,0.17269439,1.4102595
dummyuser1,752016__kevp888__240730_213153_fr_tourists_eating_outdoor.mp4,13.0,13.0,14.0,0.27226162,1.5966269
dummyuser1,752016__kevp888__240730_213153_fr_tourists_eating_outdoor.mp4,14.0,14.0,15.0,0.104504324,1.3618628
dummyuser1,752016__kevp888__240730_213153_fr_tourists_eating_outdoor.mp4,15.0,15.0,16.0,0.11105992,1.0366093
dummyuser1,752016__kevp888__240730_213153_fr_tourists_eating_outdoor.mp4,16.0,16.0,17.0,0.10072676,0.795646
dummyuser1,752016__kevp888__240730_213153_fr_tourists_eating_outdoor.mp4,17.0,17.0,18.0,-0.014944331,0.97723925
dummyuser1,752016__kevp888__240730_213153_fr_tourists_eating_outdoor.mp4,18.0,18.0,19.0,0.054984763,0.9896147
dummyuser1,752016__kevp888__240730_213153_fr_tourists_eating_outdoor.mp4,19.0,19.0,20.0,0.68862456,0.8727491
dummyuser1,752016__kevp888__240730_213153_fr_tourists_eating_outdoor.mp4,20.0,20.0,21.0,-0.023068817,0.9858553
dummyuser1,752016__kevp888__240730_213153_fr_tourists_eating_outdoor.mp4,21.0,21.0,22.0,0.18802644,1.7095871
dummyuser1,752016__kevp888__240730_213153_fr_tourists_eating_outdoor.mp4,22.0,22.0,23.0,0.62413126,1.1460898
dummyuser1,752016__kevp888__240730_213153_fr_tourists_eating_outdoor.mp4,23.0,23.0,24.0,0.5772419,1.147091
dummyuser1,752016__kevp888__240730_213153_fr_tourists_eating_outdoor.mp4,24.0,24.0,25.0,0.8689884,2.7034183
dummyuser1,752016__kevp888__240730_213153_fr_tourists_eating_outdoor.mp4,25.0,25.0,26.0,-0.2841543,2.398461
dummyuser1,752016__kevp888__240730_213153_fr_tourists_eating_outdoor.mp4,26.0,26.0,27.0,-0.58880734,2.3760507
dummyuser1,752016__kevp888__240730_213153_fr_tourists_eating_outdoor.mp4,27.0,27.0,28.0,-0.3117592,2.2971923
dummyuser1,752016__kevp888__240730_213153_fr_tourists_eating_outdoor.mp4,28.0,28.0,29.0,-0.4779898,2.4158576
dummyuser1,752016__kevp888__240730_213153_fr_tourists_eating_outdoor.mp4,29.0,29.0,30.0,0.18824585,1.2984369
dummyuser1,752016__kevp888__240730_213153_fr_tourists_eating_outdoor.mp4,30.0,30.0,31.0,-0.51536655,2.4632905
dummyuser1,752016__kevp888__240730_213153_fr_tourists_eating_outdoor.mp4,31.0,31.0,32.0,0.05972613,1.0142257
dummyuser1,752016__kevp888__240730_213153_fr_tourists_eating_outdoor.mp4,32.0,32.0,33.0,0.6424784,1.8096637
dummyuser1,752016__kevp888__240730_213153_fr_tourists_eating_outdoor.mp4,33.0,33.0,34.0,0.81618637,2.137452
dummyuser1,752016__kevp888__240730_213153_fr_tourists_eating_outdoor.mp4,34.0,34.0,35.0,-0.35192883,2.1471543
dummyuser1,752016__kevp888__240730_213153_fr_tourists_eating_outdoor.mp4,35.0,35.0,36.0,0.33319592,1.9746695
dummyuser1,752016__kevp888__240730_213153_fr_tourists_eating_outdoor.mp4,36.0,36.0,37.0,0.66470474,2.4887853
dummyuser1,752016__kevp888__240730_213153_fr_tourists_eating_outdoor.mp4,37.0,37.0,38.0,-0.45772752,2.2482111
dummyuser1,752016__kevp888__240730_213153_fr_tourists_eating_outdoor.mp4,38.0,38.0,39.0,0.7698117,2.785769
dummyuser1,752016__kevp888__240730_213153_fr_tourists_eating_outdoor.mp4,39.0,39.0,40.0,-0.4845044,1.9818677
dummyuser1,752016__kevp888__240730_213153_fr_tourists_eating_outdoor.mp4,40.0,40.0,41.0,1.0562645,0.80208105
dummyuser1,752016__kevp888__240730_213153_fr_tourists_eating_outdoor.mp4,41.0,41.0,42.0,1.2219706,1.8297476
dummyuser1,752016__kevp888__240730_213153_fr_tourists_eating_outdoor.mp4,42.0,42.0,43.0,0.96528006,2.6463172
dummyuser1,752016__kevp888__240730_213153_fr_tourists_eating_outdoor.mp4,43.0,43.0,44.0,0.860887,2.6898909
dummyuser1,752016__kevp888__240730_213153_fr_tourists_eating_outdoor.mp4,44.0,44.0,45.0,1.0248548,1.1185017
dummyuser1,752016__kevp888__240730_213153_fr_tourists_eating_outdoor.mp4,45.0,45.0,46.0,1.1651978,1.79799
dummyuser1,752016__kevp888__240730_213153_fr_tourists_eating_outdoor.mp4,46.0,46.0,47.0,1.1577525,1.859566
dummyuser1,752016__kevp888__240730_213153_fr_tourists_eating_outdoor.mp4,47.0,47.0,48.0,0.86811715,2.7757864
dummyuser1,752016__kevp888__240730_213153_fr_tourists_eating_outdoor.mp4,48.0,48.0,49.0,1.1675931,1.5556537
dummyuser1,752016__kevp888__240730_213153_fr_tourists_eating_outdoor.mp4,49.0,49.0,50.0,0.8551482,2.6075656
dummyuser1,752016__kevp888__240730_213153_fr_tourists_eating_outdoor.mp4,50.0,50.0,51.0,0.8565405,2.667657
dummyuser1,752016__kevp888__240730_213153_fr_tourists_eating_outdoor.mp4,51.0,51.0,52.0,0.4872333,2.6169286
dummyuser1,752016__kevp888__240730_213153_fr_tourists_eating_outdoor.mp4,52.0,52.0,53.0,0.50275373,2.4345667
dummyuser1,752016__kevp888__240730_213153_fr_tourists_eating_outdoor.mp4,53.0,53.0,54.0,0.92370176,2.704031
dummyuser1,752016__kevp888__240730_213153_fr_tourists_eating_outdoor.mp4,54.0,54.0,55.0,0.16188686,2.3755226
dummyuser1,752016__kevp888__240730_213153_fr_tourists_eating_outdoor.mp4,55.0,55.0,56.0,0.15723251,1.2432284
dummyuser1,752016__kevp888__240730_213153_fr_tourists_eating_outdoor.mp4,56.0,56.0,57.0,0.38763157,1.3291754
dummyuser1,752016__kevp888__240730_213153_fr_tourists_eating_outdoor.mp4,57.0,57.0,58.0,0.1761825,2.1166222
dummyuser1,752016__kevp888__240730_213153_fr_tourists_eating_outdoor.mp4,58.0,58.0,59.0,1.0167654,1.9700086
dummyuser1,752016__kevp888__240730_213153_fr_tourists_eating_outdoor.mp4,59.0,59.0,60.0,0.9441744,0.9741217
dummyuser1,752016__kevp888__240730_213153_fr_tourists_eating_outdoor.mp4,60.0,60.0,61.0,0.5321299,0.9310149
dummyuser1,752016__kevp888__240730_213153_fr_tourists_eating_outdoor.mp4,61.0,61.0,62.0,1.0240196,1.7410223
dummyuser1,752016__kevp888__240730_213153_fr_tourists_eating_outdoor.mp4,62.0,62.0,63.0,0.6201391,1.0743484
dummyuser1,752016__kevp888__240730_213153_fr_tourists_eating_outdoor.mp4,63.0,63.0,64.0,0.817621,2.7111826
dummyuser1,752016__kevp888__240730_213153_fr_tourists_eating_outdoor.mp4,64.0,64.0,65.0,0.39351085,1.4412947
dummyuser1,752016__kevp888__240730_213153_fr_tourists_eating_outdoor.mp4,65.0,65.0,66.0,1.0474643,2.1051407
dummyuser1,752016__kevp888__240730_213153_fr_tourists_eating_outdoor.mp4,66.0,66.0,67.0,-0.33993113,2.4117107
dummyuser1,752016__kevp888__240730_213153_fr_tourists_eating_outdoor.mp4,67.0,67.0,68.0,1.2943028,0.58720934
dummyuser1,752016__kevp888__240730_213153_fr_tourists_eating_outdoor.mp4,68.0,68.0,69.0,0.20985758,2.198552
dummyuser1,752016__kevp888__240730_213153_fr_tourists_eating_outdoor.mp4,69.0,69.0,70.0,0.6594906,2.6424572
dummyuser1,752016__kevp888__240730_213153_fr_tourists_eating_outdoor.mp4,70.0,70.0,71.0,0.32507932,1.3165474
dummyuser1,752016__kevp888__240730_213153_fr_tourists_eating_outdoor.mp4,71.0,71.0,72.0,0.95729643,2.63518
dummyuser1,752016__kevp888__240730_213153_fr_tourists_eating_outdoor.mp4,72.0,72.0,73.0,0.6755995,2.5412946
dummyuser1,752016__kevp888__240730_213153_fr_tourists_eating_outdoor.mp4,73.0,73.0,74.0,0.14989862,1.2453355
dummyuser1,752016__kevp888__240730_213153_fr_tourists_eating_outdoor.mp4,74.0,74.0,75.0,-0.15541075,2.1309423
dummyuser1,752016__kevp888__240730_213153_fr_tourists_eating_outdoor.mp4,75.0,75.0,76.0,0.5625057,1.0258628
dummyuser1,752016__kevp888__240730_213153_fr_tourists_eating_outdoor.mp4,76.0,76.0,77.0,-0.23049009,2.491487
dummyuser1,752016__kevp888__240730_213153_fr_tourists_eating_outdoor.mp4,77.0,77.0,78.0,-0.07374841,2.415945
dummyuser1,752016__kevp888__240730_213153_fr_tourists_eating_outdoor.mp4,78.0,78.0,79.0,0.06699538,1.1853145
dummyuser1,752016__kevp888__240730_213153_fr_tourists_eating_outdoor.mp4,79.0,79.0,80.0,-0.31081778,2.5185647
dummyuser1,752016__kevp888__240730_213153_fr_tourists_eating_outdoor.mp4,80.0,80.0,81.0,-0.4294203,2.3564236
dummyuser1,752016__kevp888__240730_213153_fr_tourists_eating_outdoor.mp4,81.0,81.0,82.0,-0.41654217,1.8860571
dummyuser1,752016__kevp888__240730_213153_fr_tourists_eating_outdoor.mp4,82.0,82.0,83.0,1.2424297,0.6673708
dummyuser1,752016__kevp888__240730_213153_fr_tourists_eating_outdoor.mp4,83.0,83.0,84.0,-0.7066041,2.4552138
dummyuser1,752016__kevp888__240730_213153_fr_tourists_eating_outdoor.mp4,84.0,84.0,85.0,0.81282026,2.1843274
dummyuser1,752016__kevp888__240730_213153_fr_tourists_eating_outdoor.mp4,85.0,85.0,86.0,1.1655451,0.81866467
dummyuser1,752016__kevp888__240730_213153_fr_tourists_eating_outdoor.mp4,86.0,86.0,87.0,0.17708504,1.1715747
dummyuser1,752016__kevp888__240730_213153_fr_tourists_eating_outdoor.mp4,87.0,87.0,88.0,-0.03197791,2.2618532
dummyuser1,752016__kevp888__240730_213153_fr_tourists_eating_outdoor.mp4,88.0,88.0,89.0,-0.20743468,2.5434272
dummyuser1,752016__kevp888__240730_213153_fr_tourists_eating_outdoor.mp4,89.0,89.0,90.0,-0.6478993,2.353468
dummyuser1,752016__kevp888__240730_213153_fr_tourists_eating_outdoor.mp4,90.0,90.0,91.0,-0.4267608,1.6199168
dummyuser1,752016__kevp888__240730_213153_fr_tourists_eating_outdoor.mp4,91.0,91.0,92.0,0.32346234,2.0829473
dummyuser1,752016__kevp888__240730_213153_fr_tourists_eating_outdoor.mp4,92.0,92.0,93.0,-0.12597385,1.7175494
dummyuser1,752016__kevp888__240730_213153_fr_tourists_eating_outdoor.mp4,93.0,93.0,94.0,0.6335683,0.7743453
dummyuser1,345802__kb7clx__early-morning-birds1-05-13-2016.mp4,0.0,0.0,1.0,12.623372,0.22300251
dummyuser1,345802__kb7clx__early-morning-birds1-05-13-2016.mp4,1.0,1.0,2.0,12.49549,0.6454661
dummyuser1,345802__kb7clx__early-morning-birds1-05-13-2016.mp4,2.0,2.0,3.0,12.710509,-3.910478e-05
dummyuser1,345802__kb7clx__early-morning-birds1-05-13-2016.mp4,3.0,3.0,4.0,12.528955,0.46109498
dummyuser1,345802__kb7clx__early-morning-birds1-05-13-2016.mp4,4.0,4.0,5.0,12.636633,-0.16797177
dummyuser1,345802__kb7clx__early-morning-birds1-05-13-2016.mp4,5.0,5.0,6.0,12.732098,-0.22018111
dummyuser1,345802__kb7clx__early-morning-birds1-05-13-2016.mp4,6.0,6.0,7.0,12.955453,0.14434901
dummyuser1,345802__kb7clx__early-morning-birds1-05-13-2016.mp4,7.0,7.0,8.0,12.669247,0.45831233
dummyuser1,345802__kb7clx__early-morning-birds1-05-13-2016.mp4,8.0,8.0,9.0,12.482736,0.46914518
dummyuser1,345802__kb7clx__early-morning-birds1-05-13-2016.mp4,9.0,9.0,10.0,13.073345,0.036416657
dummyuser1,345802__kb7clx__early-morning-birds1-05-13-2016.mp4,10.0,10.0,11.0,12.531288,0.47851777
dummyuser1,345802__kb7clx__early-morning-birds1-05-13-2016.mp4,11.0,11.0,12.0,12.897843,-0.949259
dummyuser1,345802__kb7clx__early-morning-birds1-05-13-2016.mp4,12.0,12.0,13.0,12.624361,-0.39947912
dummyuser1,345802__kb7clx__early-morning-birds1-05-13-2016.mp4,13.0,13.0,14.0,12.921017,-1.1044301
dummyuser1,345802__kb7clx__early-morning-birds1-05-13-2016.mp4,14.0,14.0,15.0,12.765757,-1.4418982
dummyuser1,345802__kb7clx__early-morning-birds1-05-13-2016.mp4,15.0,15.0,16.0,12.616862,0.34353894
dummyuser1,345802__kb7clx__early-morning-birds1-05-13-2016.mp4,16.0,16.0,17.0,12.908569,-1.2523832
dummyuser1,345802__kb7clx__early-morning-birds1-05-13-2016.mp4,17.0,17.0,18.0,12.712777,-2.5291977
dummyuser1,345802__kb7clx__early-morning-birds1-05-13-2016.mp4,18.0,18.0,19.0,12.834639,-1.7723738
dummyuser1,345802__kb7clx__early-morning-birds1-05-13-2016.mp4,19.0,19.0,20.0,12.837619,-2.4389677
dummyuser1,345802__kb7clx__early-morning-birds1-05-13-2016.mp4,20.0,20.0,21.0,13.231452,-1.8810837
dummyuser1,345802__kb7clx__early-morning-birds1-05-13-2016.mp4,21.0,21.0,22.0,13.096962,-1.8170233
dummyuser1,345802__kb7clx__early-morning-birds1-05-13-2016.mp4,22.0,22.0,23.0,12.717756,-2.533596
dummyuser1,345802__kb7clx__early-morning-birds1-05-13-2016.mp4,23.0,23.0,24.0,12.704428,-2.2202456
dummyuser1,345802__kb7clx__early-morning-birds1-05-13-2016.mp4,24.0,24.0,25.0,13.107268,-0.84918714
dummyuser1,345802__kb7clx__early-morning-birds1-05-13-2016.mp4,25.0,25.0,26.0,12.877847,-2.4111745
dummyuser1,345802__kb7clx__early-morning-birds1-05-13-2016.mp4,26.0,26.0,27.0,12.719147,-0.023294717
dummyuser1,345802__kb7clx__early-morning-birds1-05-13-2016.mp4,27.0,27.0,28.0,12.714281,-2.1607172
dummyuser1,345802__kb7clx__early-morning-birds1-05-13-2016.mp4,28.0,28.0,29.0,12.573224,0.24834116
dummyuser1,345802__kb7clx__early-morning-birds1-05-13-2016.mp4,29.0,29.0,30.0,12.982045,-1.4515377
dummyuser1,345802__kb7clx__early-morning-birds1-05-13-2016.mp4,30.0,30.0,31.0,12.718893,-0.6518608
dummyuser1,345802__kb7clx__early-morning-birds1-05-13-2016.mp4,31.0,31.0,32.0,13.321982,-2.523927
dummyuser1,345802__kb7clx__early-morning-birds1-05-13-2016.mp4,32.0,32.0,33.0,13.221493,-1.1831617
dummyuser1,345802__kb7clx__early-morning-birds1-05-13-2016.mp4,33.0,33.0,34.0,13.08644,-0.20645131
dummyuser1,345802__kb7clx__early-morning-birds1-05-13-2016.mp4,34.0,34.0,35.0,13.04565,-1.9358056
dummyuser1,345802__kb7clx__early-morning-birds1-05-13-2016.mp4,35.0,35.0,36.0,12.902654,-1.7762552
dummyuser1,345802__kb7clx__early-morning-birds1-05-13-2016.mp4,36.0,36.0,37.0,13.150401,-1.2027054
dummyuser1,345802__kb7clx__early-morning-birds1-05-13-2016.mp4,37.0,37.0,38.0,13.067803,-2.68106
dummyuser1,345802__kb7clx__early-morning-birds1-05-13-2016.mp4,38.0,38.0,39.0,13.03432,-2.6256227
dummyuser1,345802__kb7clx__early-morning-birds1-05-13-2016.mp4,39.0,39.0,40.0,12.889828,-1.8694504
dummyuser1,345802__kb7clx__early-morning-birds1-05-13-2016.mp4,40.0,40.0,41.0,12.893218,-2.1872227
dummyuser1,345802__kb7clx__early-morning-birds1-05-13-2016.mp4,41.0,41.0,42.0,12.873333,-1.9454467
dummyuser1,345802__kb7clx__early-morning-birds1-05-13-2016.mp4,42.0,42.0,43.0,12.61047,0.14470404
dummyuser1,345802__kb7clx__early-morning-birds1-05-13-2016.mp4,43.0,43.0,44.0,12.839363,-0.25505638
dummyuser1,345802__kb7clx__early-morning-birds1-05-13-2016.mp4,44.0,44.0,45.0,12.929004,-2.7342758
dummyuser1,345802__kb7clx__early-morning-birds1-05-13-2016.mp4,45.0,45.0,46.0,13.076128,0.017795837
dummyuser1,345802__kb7clx__early-morning-birds1-05-13-2016.mp4,46.0,46.0,47.0,13.071133,-1.7990589
dummyuser1,345802__kb7clx__early-morning-birds1-05-13-2016.mp4,47.0,47.0,48.0,13.234481,-1.4197234
dummyuser1,345802__kb7clx__early-morning-birds1-05-13-2016.mp4,48.0,48.0,49.0,13.398969,-0.8191001
dummyuser1,345802__kb7clx__early-morning-birds1-05-13-2016.mp4,49.0,49.0,50.0,12.669487,-2.4831085
dummyuser1,345802__kb7clx__early-morning-birds1-05-13-2016.mp4,50.0,50.0,51.0,13.346493,-1.9398012
dummyuser1,345802__kb7clx__early-morning-birds1-05-13-2016.mp4,51.0,51.0,52.0,13.209339,-1.6791013
dummyuser1,345802__kb7clx__early-morning-birds1-05-13-2016.mp4,52.0,52.0,53.0,13.083762,-2.0358243
dummyuser1,345802__kb7clx__early-morning-birds1-05-13-2016.mp4,53.0,53.0,54.0,13.032983,-1.1313745
dummyuser1,345802__kb7clx__early-morning-birds1-05-13-2016.mp4,54.0,54.0,55.0,12.811431,-0.09974185
dummyuser1,345802__kb7clx__early-morning-birds1-05-13-2016.mp4,55.0,55.0,56.0,13.339241,-0.92368084
dummyuser1,345802__kb7clx__early-morning-birds1-05-13-2016.mp4,56.0,56.0,57.0,12.774906,-0.5049464
dummyuser1,345802__kb7clx__early-morning-birds1-05-13-2016.mp4,57.0,57.0,58.0,12.926128,-2.7323642
dummyuser1,345802__kb7clx__early-morning-birds1-05-13-2016.mp4,58.0,58.0,59.0,13.039846,-1.9346157
dummyuser1,345802__kb7clx__early-morning-birds1-05-13-2016.mp4,59.0,59.0,60.0,12.992659,-1.1433777
dummyuser1,345802__kb7clx__early-morning-birds1-05-13-2016.mp4,60.0,60.0,61.0,12.783394,-0.24656974
dummyuser1,345802__kb7clx__early-morning-birds1-05-13-2016.mp4,61.0,61.0,62.0,13.025217,-2.3258367
dummyuser1,345802__kb7clx__early-morning-birds1-05-13-2016.mp4,62.0,62.0,63.0,12.830413,-0.947385
dummyuser1,345802__kb7clx__early-morning-birds1-05-13-2016.mp4,63.0,63.0,64.0,13.148248,-2.3545222
dummyuser1,345802__kb7clx__early-morning-birds1-05-13-2016.mp4,64.0,64.0,65.0,13.101924,-1.3211842
dummyuser1,345802__kb7clx__early-morning-birds1-05-13-2016.mp4,65.0,65.0,66.0,12.891448,-1.424932
dummyuser1,345802__kb7clx__early-morning-birds1-05-13-2016.mp4,66.0,66.0,67.0,13.264985,-1.381409
dummyuser1,345802__kb7clx__early-morning-birds1-05-13-2016.mp4,67.0,67.0,68.0,13.029343,-1.326138
dummyuser1,345802__kb7clx__early-morning-birds1-05-13-2016.mp4,68.0,68.0,69.0,12.911194,-2.4102545
dummyuser1,345802__kb7clx__early-morning-birds1-05-13-2016.mp4,69.0,69.0,70.0,13.290094,-1.8569584
dummyuser1,345802__kb7clx__early-morning-birds1-05-13-2016.mp4,70.0,70.0,71.0,12.715233,-2.3971255
dummyuser1,345802__kb7clx__early-morning-birds1-05-13-2016.mp4,71.0,71.0,72.0,12.9844885,-0.66391325
dummyuser1,345802__kb7clx__early-morning-birds1-05-13-2016.mp4,72.0,72.0,73.0,12.901254,-2.626895
dummyuser1,345802__kb7clx__early-morning-birds1-05-13-2016.mp4,73.0,73.0,74.0,12.475718,0.32781532
dummyuser1,345802__kb7clx__early-morning-birds1-05-13-2016.mp4,74.0,74.0,75.0,13.1913395,-1.1673653
dummyuser1,345802__kb7clx__early-morning-birds1-05-13-2016.mp4,75.0,75.0,76.0,12.826988,-0.5146251
dummyuser1,345802__kb7clx__early-morning-birds1-05-13-2016.mp4,76.0,76.0,77.0,13.175776,-2.3895435
dummyuser1,345802__kb7clx__early-morning-birds1-05-13-2016.mp4,77.0,77.0,78.0,13.148918,-1.8281856
dummyuser1,345802__kb7clx__early-morning-birds1-05-13-2016.mp4,78.0,78.0,79.0,12.530474,0.27414268
dummyuser1,345802__kb7clx__early-morning-birds1-05-13-2016.mp4,79.0,79.0,80.0,12.789235,-2.3719494
dummyuser1,345802__kb7clx__early-morning-birds1-05-13-2016.mp4,80.0,80.0,81.0,12.754324,-0.66301847
dummyuser1,345802__kb7clx__early-morning-birds1-05-13-2016.mp4,81.0,81.0,82.0,12.802784,-0.9782978
dummyuser1,345802__kb7clx__early-morning-birds1-05-13-2016.mp4,82.0,82.0,83.0,13.0376,0.15274462
dummyuser1,345802__kb7clx__early-morning-birds1-05-13-2016.mp4,83.0,83.0,84.0,13.272781,-2.5722518
dummyuser1,345802__kb7clx__early-morning-birds1-05-13-2016.mp4,84.0,84.0,85.0,12.560829,0.39502633
dummyuser1,345802__kb7clx__early-morning-birds1-05-13-2016.mp4,85.0,85.0,86.0,13.169517,-2.4605122
dummyuser1,345802__kb7clx__early-morning-birds1-05-13-2016.mp4,86.0,86.0,87.0,12.888538,0.4942126
dummyuser1,345802__kb7clx__early-morning-birds1-05-13-2016.mp4,87.0,87.0,88.0,12.815791,-1.9984629
dummyuser1,345802__kb7clx__early-morning-birds1-05-13-2016.mp4,88.0,88.0,89.0,12.923555,-1.6607182
dummyuser1,345802__kb7clx__early-morning-birds1-05-13-2016.mp4,89.0,89.0,90.0,12.991955,0.37095034
dummyuser1,345802__kb7clx__early-morning-birds1-05-13-2016.mp4,90.0,90.0,91.0,13.181488,-2.5430949
dummyuser1,345802__kb7clx__early-morning-birds1-05-13-2016.mp4,91.0,91.0,92.0,12.97278,0.47927296
dummyuser1,345802__kb7clx__early-morning-birds1-05-13-2016.mp4,92.0,92.0,93.0,13.016682,-0.7015036
dummyuser1,345802__kb7clx__early-morning-birds1-05-13-2016.mp4,93.0,93.0,94.0,12.871112,-0.3489779
dummyuser1,345802__kb7clx__early-morning-birds1-05-13-2016.mp4,94.0,94.0,95.0,13.344698,-1.8829798
dummyuser1,345802__kb7clx__early-morning-birds1-05-13-2016.mp4,95.0,95.0,96.0,13.560655,-2.4064236
dummyuser1,345802__kb7clx__early-morning-birds1-05-13-2016.mp4,96.0,96.0,97.0,13.55882,-2.3717272
dummyuser1,345802__kb7clx__early-morning-birds1-05-13-2016.mp4,97.0,97.0,98.0,13.664968,-2.3999376
dummyuser1,345802__kb7clx__early-morning-birds1-05-13-2016.mp4,98.0,98.0,99.0,13.575953,-2.4783247
dummyuser1,345802__kb7clx__early-morning-birds1-05-13-2016.mp4,99.0,99.0,100.0,13.006457,-0.52137023
dummyuser1,345802__kb7clx__early-morning-birds1-05-13-2016.mp4,100.0,100.0,101.0,13.154936,-0.9527403
dummyuser1,345802__kb7clx__early-morning-birds1-05-13-2016.mp4,101.0,101.0,102.0,12.993395,0.23881146
dummyuser1,345802__kb7clx__early-morning-birds1-05-13-2016.mp4,102.0,102.0,103.0,13.316916,-1.0794735
dummyuser1,345802__kb7clx__early-morning-birds1-05-13-2016.mp4,103.0,103.0,104.0,12.800058,0.31037658
dummyuser1,345802__kb7clx__early-morning-birds1-05-13-2016.mp4,104.0,104.0,105.0,12.807945,0.5808999
dummyuser1,345802__kb7clx__early-morning-birds1-05-13-2016.mp4,105.0,105.0,106.0,12.859915,-0.46934602
dummyuser1,345802__kb7clx__early-morning-birds1-05-13-2016.mp4,106.0,106.0,107.0,12.840022,0.1987577
dummyuser1,345802__kb7clx__early-morning-birds1-05-13-2016.mp4,107.0,107.0,108.0,12.974096,0.57712454
dummyuser1,345802__kb7clx__early-morning-birds1-05-13-2016.mp4,108.0,108.0,109.0,13.447344,-1.3315948
dummyuser1,345802__kb7clx__early-morning-birds1-05-13-2016.mp4,109.0,109.0,110.0,12.600111,0.22766848
dummyuser1,345802__kb7clx__early-morning-birds1-05-13-2016.mp4,110.0,110.0,111.0,12.958723,0.18171473
dummyuser1,345802__kb7clx__early-morning-birds1-05-13-2016.mp4,111.0,111.0,112.0,12.769429,0.4166755
dummyuser2,706058__lonerdroner__birds-chatting.mp4,0.0,0.0,1.0,2.553372,15.615373
dummyuser2,706058__lonerdroner__birds-chatting.mp4,1.0,1.0,2.0,2.6156445,15.659696
dummyuser2,706058__lonerdroner__birds-chatting.mp4,2.0,2.0,3.0,-4.61662,13.1050005
dummyuser2,706058__lonerdroner__birds-chatting.mp4,3.0,3.0,4.0,-5.061697,12.618242
dummyuser2,706058__lonerdroner__birds-chatting.mp4,4.0,4.0,5.0,-0.81418264,14.603424
dummyuser2,706058__lonerdroner__birds-chatting.mp4,5.0,5.0,6.0,-3.3612316,13.894742
dummyuser2,706058__lonerdroner__birds-chatting.mp4,6.0,6.0,7.0,-3.3438785,13.839668
dummyuser2,706058__lonerdroner__birds-chatting.mp4,7.0,7.0,8.0,-3.3848906,13.791919
dummyuser2,706058__lonerdroner__birds-chatting.mp4,8.0,8.0,9.0,-4.9190226,12.796009
dummyuser2,706058__lonerdroner__birds-chatting.mp4,9.0,9.0,10.0,-0.62742466,14.645916
dummyuser2,706058__lonerdroner__birds-chatting.mp4,10.0,10.0,11.0,-4.981881,12.710589
dummyuser2,706058__lonerdroner__birds-chatting.mp4,11.0,11.0,12.0,-5.119612,12.548251
dummyuser2,706058__lonerdroner__birds-chatting.mp4,12.0,12.0,13.0,-4.3192205,13.638197
dummyuser2,706058__lonerdroner__birds-chatting.mp4,13.0,13.0,14.0,-0.42964467,14.753884
dummyuser2,706058__lonerdroner__birds-chatting.mp4,14.0,14.0,15.0,3.4331405,15.727424
dummyuser2,706058__lonerdroner__birds-chatting.mp4,15.0,15.0,16.0,-3.9564111,13.527826
dummyuser2,706058__lonerdroner__birds-chatting.mp4,16.0,16.0,17.0,-5.1271324,12.546918
dummyuser2,706058__lonerdroner__birds-chatting.mp4,17.0,17.0,18.0,2.6850896,15.624492
dummyuser2,706058__lonerdroner__birds-chatting.mp4,18.0,18.0,19.0,-0.85416186,14.614101
dummyuser2,706058__lonerdroner__birds-chatting.mp4,19.0,19.0,20.0,-3.264567,13.842522
dummyuser2,706058__lonerdroner__birds-chatting.mp4,20.0,20.0,21.0,-3.1667275,14.742646
dummyuser2,706058__lonerdroner__birds-chatting.mp4,21.0,21.0,22.0,2.472011,15.561624
dummyuser2,706058__lonerdroner__birds-chatting.mp4,22.0,22.0,23.0,-3.6154857,13.692337
dummyuser2,706058__lonerdroner__birds-chatting.mp4,23.0,23.0,24.0,-2.960914,14.933843
dummyuser2,706058__lonerdroner__birds-chatting.mp4,24.0,24.0,25.0,-4.877992,12.852874
dummyuser2,706058__lonerdroner__birds-chatting.mp4,25.0,25.0,26.0,-3.0317745,14.72673
dummyuser2,706058__lonerdroner__birds-chatting.mp4,26.0,26.0,27.0,-3.1184597,14.748758
dummyuser2,706058__lonerdroner__birds-chatting.mp4,27.0,27.0,28.0,2.7247417,15.701909
dummyuser2,706058__lonerdroner__birds-chatting.mp4,28.0,28.0,29.0,-0.39104673,14.786846
dummyuser2,706058__lonerdroner__birds-chatting.mp4,29.0,29.0,30.0,-3.5687163,14.419186
dummyuser2,706058__lonerdroner__birds-chatting.mp4,30.0,30.0,31.0,-2.7419088,14.937424
dummyuser2,706058__lonerdroner__birds-chatting.mp4,31.0,31.0,32.0,-3.020003,13.454815
dummyuser2,706058__lonerdroner__birds-chatting.mp4,32.0,32.0,33.0,-3.1138058,13.439904
dummyuser2,706058__lonerdroner__birds-chatting.mp4,33.0,33.0,34.0,-3.329398,13.375952
dummyuser2,706058__lonerdroner__birds-chatting.mp4,34.0,34.0,35.0,-3.8321874,14.023123
dummyuser2,706058__lonerdroner__birds-chatting.mp4,35.0,35.0,36.0,-2.9646451,14.948547
dummyuser2,706058__lonerdroner__birds-chatting.mp4,36.0,36.0,37.0,-2.9558358,14.913827
dummyuser2,706058__lonerdroner__birds-chatting.mp4,37.0,37.0,38.0,-4.5034094,13.294648
dummyuser2,706058__lonerdroner__birds-chatting.mp4,38.0,38.0,39.0,-3.3211987,14.720048
dummyuser2,706058__lonerdroner__birds-chatting.mp4,39.0,39.0,40.0,-4.8023267,12.934916
dummyuser2,706058__lonerdroner__birds-chatting.mp4,40.0,40.0,41.0,-3.065812,14.89404
dummyuser2,706058__lonerdroner__birds-chatting.mp4,41.0,41.0,42.0,-3.8034637,14.123015
dummyuser2,706058__lonerdroner__birds-chatting.mp4,42.0,42.0,43.0,-0.14165412,14.993039
dummyuser2,706058__lonerdroner__birds-chatting.mp4,43.0,43.0,44.0,-3.7838137,14.301293
dummyuser2,706058__lonerdroner__birds-chatting.mp4,44.0,44.0,45.0,-3.0963507,14.810971
dummyuser2,706058__lonerdroner__birds-chatting.mp4,45.0,45.0,46.0,-3.9003103,14.193125
dummyuser2,706058__lonerdroner__birds-chatting.mp4,46.0,46.0,47.0,-4.711549,13.03655
dummyuser2,706058__lonerdroner__birds-chatting.mp4,47.0,47.0,48.0,-4.4681244,13.343123
dummyuser2,706058__lonerdroner__birds-chatting.mp4,48.0,48.0,49.0,-3.735051,14.407333
dummyuser2,706058__lonerdroner__birds-chatting.mp4,49.0,49.0,50.0,-4.2700467,13.652151
dummyuser2,706058__lonerdroner__birds-chatting.mp4,50.0,50.0,51.0,3.0321498,15.734808
dummyuser2,706058__lonerdroner__birds-chatting.mp4,51.0,51.0,52.0,-0.6036543,14.64126
dummyuser2,706058__lonerdroner__birds-chatting.mp4,52.0,52.0,53.0,-3.6206236,14.424309
dummyuser2,706058__lonerdroner__birds-chatting.mp4,53.0,53.0,54.0,-3.398858,14.674342
dummyuser2,706058__lonerdroner__birds-chatting.mp4,54.0,54.0,55.0,3.0805757,15.714239
dummyuser2,706058__lonerdroner__birds-chatting.mp4,55.0,55.0,56.0,2.4957602,15.566993
dummyuser2,706058__lonerdroner__birds-chatting.mp4,56.0,56.0,57.0,-3.2592852,14.62231
dummyuser2,706058__lonerdroner__birds-chatting.mp4,57.0,57.0,58.0,-2.8564312,14.939098
dummyuser2,706058__lonerdroner__birds-chatting.mp4,58.0,58.0,59.0,-2.9558215,14.116173
dummyuser2,706058__lonerdroner__birds-chatting.mp4,59.0,59.0,60.0,-4.560992,13.208077
dummyuser2,706058__lonerdroner__birds-chatting.mp4,60.0,60.0,61.0,-4.12547,13.817991
dummyuser2,706058__lonerdroner__birds-chatting.mp4,61.0,61.0,62.0,-4.272551,13.689639
dummyuser2,706058__lonerdroner__birds-chatting.mp4,62.0,62.0,63.0,-0.4625204,14.73786
dummyuser2,706058__lonerdroner__birds-chatting.mp4,63.0,63.0,64.0,-0.1615813,14.975001
dummyuser2,706058__lonerdroner__birds-chatting.mp4,64.0,64.0,65.0,-3.6298785,14.353925
dummyuser2,706058__lonerdroner__birds-chatting.mp4,65.0,65.0,66.0,-3.1117802,14.663055
dummyuser2,706058__lonerdroner__birds-chatting.mp4,66.0,66.0,67.0,-3.2311845,14.818578
dummyuser2,706058__lonerdroner__birds-chatting.mp4,67.0,67.0,68.0,-0.45860714,14.697877
dummyuser2,706058__lonerdroner__birds-chatting.mp4,68.0,68.0,69.0,12.530087,0.69740516
dummyuser2,706058__lonerdroner__birds-chatting.mp4,69.0,69.0,70.0,-3.1217916,14.411429
dummyuser2,706058__lonerdroner__birds-chatting.mp4,70.0,70.0,71.0,-3.0391154,14.245905
dummyuser2,706058__lonerdroner__birds-chatting.mp4,71.0,71.0,72.0,2.558699,15.62649
dummyuser2,706058__lonerdroner__birds-chatting.mp4,72.0,72.0,73.0,-0.2815981,14.911208
dummyuser2,706058__lonerdroner__birds-chatting.mp4,73.0,73.0,74.0,-3.2781284,14.218754
dummyuser2,706058__lonerdroner__birds-chatting.mp4,74.0,74.0,75.0,-3.4979239,14.28219
dummyuser2,706058__lonerdroner__birds-chatting.mp4,75.0,75.0,76.0,-3.0908184,13.404834
dummyuser2,706058__lonerdroner__birds-chatting.mp4,76.0,76.0,77.0,-0.17900223,14.968624
dummyuser2,706058__lonerdroner__birds-chatting.mp4,77.0,77.0,78.0,-0.15336655,14.993836
dummyuser2,706058__lonerdroner__birds-chatting.mp4,78.0,78.0,79.0,-3.7886724,14.314222
dummyuser2,706058__lonerdroner__birds-chatting.mp4,79.0,79.0,80.0,-3.0401201,14.200287
dummyuser2,706058__lonerdroner__birds-chatting.mp4,80.0,80.0,81.0,-0.4271029,14.86251
dummyuser2,706058__lonerdroner__birds-chatting.mp4,81.0,81.0,82.0,-4.4660807,13.316331
dummyuser2,706058__lonerdroner__birds-chatting.mp4,82.0,82.0,83.0,-0.5192337,14.598477
dummyuser2,706058__lonerdroner__birds-chatting.mp4,83.0,83.0,84.0,-4.0001054,13.875473
dummyuser2,706058__lonerdroner__birds-chatting.mp4,84.0,84.0,85.0,-2.9437344,14.150619
dummyuser2,706058__lonerdroner__birds-chatting.mp4,85.0,85.0,86.0,3.111348,15.634334
dummyuser2,706058__lonerdroner__birds-chatting.mp4,86.0,86.0,87.0,-0.34965414,14.751729
dummyuser2,706058__lonerdroner__birds-chatting.mp4,87.0,87.0,88.0,-3.1263053,14.705761
dummyuser2,706058__lonerdroner__birds-chatting.mp4,88.0,88.0,89.0,-3.3015974,14.187744
dummyuser2,706058__lonerdroner__birds-chatting.mp4,89.0,89.0,90.0,-3.9019911,14.153831
dummyuser2,706058__lonerdroner__birds-chatting.mp4,90.0,90.0,91.0,-3.660958,13.970817
dummyuser2,706058__lonerdroner__birds-chatting.mp4,91.0,91.0,92.0,-2.8430417,13.577938
dummyuser2,706058__lonerdroner__birds-chatting.mp4,92.0,92.0,93.0,-3.0532494,13.322422
dummyuser2,706058__lonerdroner__birds-chatting.mp4,93.0,93.0,94.0,-2.972072,13.259165
dummyuser2,706058__lonerdroner__birds-chatting.mp4,94.0,94.0,95.0,-4.6675544,13.095571
dummyuser2,706058__lonerdroner__birds-chatting.mp4,95.0,95.0,96.0,-2.9041204,14.912917
dummyuser2,706058__lonerdroner__birds-chatting.mp4,96.0,96.0,97.0,-3.3842049,14.010191
dummyuser2,706058__lonerdroner__birds-chatting.mp4,97.0,97.0,98.0,-4.6082196,13.135766
dummyuser2,706058__lonerdroner__birds-chatting.mp4,98.0,98.0,99.0,-4.756993,12.989785
dummyuser2,706058__lonerdroner__birds-chatting.mp4,99.0,99.0,100.0,-4.209047,13.700098
dummyuser2,706058__lonerdroner__birds-chatting.mp4,100.0,100.0,101.0,-3.4150262,13.881042
dummyuser2,706058__lonerdroner__birds-chatting.mp4,101.0,101.0,102.0,-4.714893,13.023675
dummyuser2,706058__lonerdroner__birds-chatting.mp4,102.0,102.0,103.0,-5.1684766,12.493352
dummyuser2,706058__lonerdroner__birds-chatting.mp4,103.0,103.0,104.0,-5.160491,12.5057745
dummyuser2,706058__lonerdroner__birds-chatting.mp4,104.0,104.0,105.0,-5.0054216,12.712753
dummyuser2,706058__lonerdroner__birds-chatting.mp4,105.0,105.0,106.0,-5.1361403,12.524583
dummyuser2,706058__lonerdroner__birds-chatting.mp4,106.0,106.0,107.0,-5.191624,12.469852
dummyuser2,706058__lonerdroner__birds-chatting.mp4,107.0,107.0,108.0,-5.277808,12.378616
dummyuser2,706058__lonerdroner__birds-chatting.mp4,108.0,108.0,109.0,-5.2161517,12.444304
dummyuser2,706058__lonerdroner__birds-chatting.mp4,109.0,109.0,110.0,-0.5285205,14.647419
dummyuser2,706058__lonerdroner__birds-chatting.mp4,110.0,110.0,111.0,-5.2489133,12.414578
